Antecedent,Knowledge_Gap,Support,Confidence,Lift,Support_%,Confidence_%,Frequency,Antecedent_Size
"Business Capability=Risk, compliance and identity control + Question Complexity=High + Question Type=Commercial / Pricing",Public Documentation | Commercial Model | Pricing Template | SME,0.06777777777777778,0.91044776119403,5.355575065847235,6.777777777777779,91.044776119403,61,3
"Business Capability=Risk, compliance and identity control + Question Type=Commercial / Pricing",Public Documentation | Commercial Model | Pricing Template | SME,0.06777777777777778,0.91044776119403,5.355575065847235,6.777777777777779,91.044776119403,61,2
Question Type=Commercial / Pricing,Public Documentation | Commercial Model | Pricing Template | SME,0.16666666666666666,0.8620689655172413,5.0709939148073016,16.666666666666664,86.20689655172413,150,1
Presales Category=Solution Architecture + Question Type=Commercial / Pricing,Public Documentation | Commercial Model | Pricing Template | SME,0.06,0.857142857142857,5.042016806722688,6.0,85.7142857142857,54,2
Question Complexity=High + Question Type=Commercial / Pricing,Public Documentation | Commercial Model | Pricing Template | SME,0.12333333333333334,0.8409090909090909,4.946524064171123,12.333333333333334,84.0909090909091,111,2
Presales Category=Security & Compliance + Question Complexity=High + Question Type=Governance / Security,Public Documentation | Governance Framework | Risk Register | SME,0.1,0.7894736842105263,3.7396121883656512,10.0,78.94736842105263,90,3
Presales Category=Security & Compliance + Question Type=Governance / Security,Public Documentation | Governance Framework | Risk Register | SME,0.1,0.7894736842105263,3.7396121883656512,10.0,78.94736842105263,90,2
"Business Capability=Risk, compliance and identity control + Presales Category=Security & Compliance + Question Type=Governance / Security",Public Documentation | Governance Framework | Risk Register | SME,0.07777777777777778,0.7865168539325843,3.7256061502069784,7.777777777777778,78.65168539325843,70,3
"Business Capability=Risk, compliance and identity control + Question Complexity=High + Question Type=Governance / Security",Public Documentation | Governance Framework | Risk Register | SME,0.07777777777777778,0.7608695652173912,3.6041189931350113,7.777777777777778,76.08695652173913,70,3
"Business Capability=Risk, compliance and identity control + Question Type=Governance / Security",Public Documentation | Governance Framework | Risk Register | SME,0.07777777777777778,0.7608695652173912,3.6041189931350113,7.777777777777778,76.08695652173913,70,2
Question Complexity=High + Question Type=Governance / Security,Public Documentation | Governance Framework | Risk Register | SME,0.1,0.743801652892562,3.52327098738582,10.0,74.3801652892562,90,2
Question Type=Governance / Security,Public Documentation | Governance Framework | Risk Register | SME,0.1,0.7317073170731708,3.4659820282413354,10.0,73.17073170731709,90,1
Presales Category=Security & Compliance + Question Complexity=High + Question Intent=Determine implementation approach,Public Documentation | Governance Framework | Risk Register | SME,0.052222222222222225,0.7230769230769232,3.4251012145748994,5.222222222222222,72.30769230769232,47,3
Presales Category=Security & Compliance + Question Intent=Determine implementation approach,Public Documentation | Governance Framework | Risk Register | SME,0.052222222222222225,0.7230769230769232,3.4251012145748994,5.222222222222222,72.30769230769232,47,2
Presales Category=Security & Compliance + Question Complexity=High + Question Intent=Request presales guidance,Public Documentation | Governance Framework | Risk Register | SME,0.06444444444444444,0.6666666666666666,3.1578947368421053,6.444444444444445,66.66666666666666,58,3
Presales Category=Security & Compliance + Question Intent=Request presales guidance,Public Documentation | Governance Framework | Risk Register | SME,0.06444444444444444,0.6666666666666666,3.1578947368421053,6.444444444444445,66.66666666666666,58,2
"Business Capability=Risk, compliance and identity control + Presales Category=Security & Compliance + Question Intent=Request presales guidance",Public Documentation | Governance Framework | Risk Register | SME,0.05444444444444444,0.6621621621621621,3.1365576102418204,5.444444444444444,66.21621621621621,49,3
Presales Category=Security & Compliance + Question Complexity=High,Public Documentation | Governance Framework | Risk Register | SME,0.15555555555555556,0.6306306306306306,2.987197724039829,15.555555555555555,63.06306306306306,140,2
Presales Category=Security & Compliance,Public Documentation | Governance Framework | Risk Register | SME,0.15555555555555556,0.6306306306306306,2.987197724039829,15.555555555555555,63.06306306306306,140,1
"Business Capability=Risk, compliance and identity control + Presales Category=Security & Compliance + Question Complexity=High",Public Documentation | Governance Framework | Risk Register | SME,0.11888888888888889,0.6184971098265897,2.9297231518101614,11.88888888888889,61.84971098265897,107,3
"Business Capability=Risk, compliance and identity control + Presales Category=Security & Compliance",Public Documentation | Governance Framework | Risk Register | SME,0.11888888888888889,0.6184971098265897,2.9297231518101614,11.88888888888889,61.84971098265897,107,2
Question Intent=Understand capability / terminology,Public Documentation,0.08333333333333333,0.4054054054054054,2.499074416882636,8.333333333333332,40.54054054054054,75,1
Question Complexity=High + Question Intent=Understand capability / terminology,Public Documentation,0.06222222222222222,0.3862068965517241,2.3807274444969293,6.222222222222222,38.620689655172406,56,2
Question Complexity=High + Question Intent=Determine implementation approach + Question Type=Architecture,Public Documentation | Architecture Blueprint | Methodology | SME,0.06222222222222222,1.0,2.18978102189781,6.222222222222222,100.0,56,3
Question Intent=Determine implementation approach + Question Type=Architecture,Public Documentation | Architecture Blueprint | Methodology | SME,0.08888888888888889,0.9876543209876544,2.1627466882941335,8.88888888888889,98.76543209876544,80,2
Presales Category=Solution Architecture + Question Intent=Determine implementation approach + Question Type=Architecture,Public Documentation | Architecture Blueprint | Methodology | SME,0.08,0.9863013698630138,2.1597840215978406,8.0,98.63013698630138,72,3
Presales Category=Solution Architecture + Question Complexity=High + Question Intent=Determine implementation approach,Public Documentation | Architecture Blueprint | Methodology | SME,0.06,0.9310344827586207,2.0387616410772713,6.0,93.10344827586206,54,3
Presales Category=Solution Architecture + Question Intent=Determine implementation approach,Public Documentation | Architecture Blueprint | Methodology | SME,0.08777777777777777,0.9080459770114943,1.9884218474704254,8.777777777777777,90.80459770114942,79,2
Presales Category=Solution Architecture + Question Type=Best Practice,Public Documentation | Architecture Blueprint | Methodology | SME,0.06444444444444444,0.8285714285714285,1.814389989572471,6.444444444444445,82.85714285714285,58,2
Question Complexity=High + Question Type=Architecture,Public Documentation | Architecture Blueprint | Methodology | SME,0.18444444444444444,0.8217821782178217,1.7995230179952302,18.444444444444443,82.17821782178217,166,2
Presales Category=Solution Architecture + Question Complexity=High + Question Type=Architecture,Public Documentation | Architecture Blueprint | Methodology | SME,0.16666666666666666,0.8196721311475409,1.794902476965418,16.666666666666664,81.96721311475409,150,3
"Business Capability=Risk, compliance and identity control + Presales Category=Solution Architecture + Question Type=Architecture",Public Documentation | Architecture Blueprint | Methodology | SME,0.09555555555555556,0.8113207547169812,1.7766147913510537,9.555555555555555,81.13207547169812,86,3
"Business Capability=Risk, compliance and identity control + Question Complexity=High + Question Type=Architecture",Public Documentation | Architecture Blueprint | Methodology | SME,0.10444444444444445,0.810344827586207,1.774477724641329,10.444444444444445,81.0344827586207,94,3
"Business Capability=Risk, compliance and identity control + Question Type=Architecture",Public Documentation | Architecture Blueprint | Methodology | SME,0.10444444444444445,0.810344827586207,1.774477724641329,10.444444444444445,81.0344827586207,94,2
Question Type=Architecture,Public Documentation | Architecture Blueprint | Methodology | SME,0.2811111111111111,0.7981072555205047,1.7476801215777473,28.111111111111107,79.81072555205047,253,1
Question Complexity=High + Question Intent=Request presales guidance + Question Type=Architecture,Public Documentation | Architecture Blueprint | Methodology | SME,0.08222222222222222,0.7956989247311829,1.7424064045208385,8.222222222222223,79.56989247311829,74,3
Question Complexity=Medium + Question Type=Architecture,Public Documentation | Architecture Blueprint | Methodology | SME,0.08222222222222222,0.7956989247311829,1.7424064045208385,8.222222222222223,79.56989247311829,74,2
Business Capability=Hybrid connectivity and network foundation + Question Complexity=Medium + Question Type=Architecture,Public Documentation | Architecture Blueprint | Methodology | SME,0.0811111111111111,0.7934782608695651,1.7375436369406534,8.11111111111111,79.3478260869565,73,3
Presales Category=Solution Architecture + Question Type=Architecture,Public Documentation | Architecture Blueprint | Methodology | SME,0.24555555555555555,0.7892857142857143,1.7283628779979143,24.555555555555557,78.92857142857143,221,2
Question Intent=Request presales guidance + Question Type=Architecture,Public Documentation | Architecture Blueprint | Methodology | SME,0.1322222222222222,0.7777777777777777,1.7031630170316299,13.222222222222221,77.77777777777777,119,2
Presales Category=Migration Assessment,Public Documentation | Architecture Blueprint | Methodology | SME,0.09222222222222222,0.7757009345794392,1.698615185210451,9.222222222222221,77.57009345794393,83,1
Question Complexity=High + Question Intent=Determine implementation approach,Public Documentation | Governance Framework | Risk Register | SME,0.06888888888888889,0.35838150289017345,1.6975965926376637,6.888888888888889,35.83815028901734,62,2
Business Capability=Hybrid connectivity and network foundation + Question Type=Architecture,Public Documentation | Architecture Blueprint | Methodology | SME,0.13777777777777778,0.7749999999999999,1.6970802919708028,13.777777777777779,77.49999999999999,124,2
Presales Category=Solution Architecture + Question Complexity=Medium + Question Type=Architecture,Public Documentation | Architecture Blueprint | Methodology | SME,0.06777777777777778,0.7721518987341773,1.6908435738704612,6.777777777777779,77.21518987341773,61,3
Business Capability=Hybrid connectivity and network foundation + Question Intent=Request presales guidance + Question Type=Architecture,Public Documentation | Architecture Blueprint | Methodology | SME,0.07111111111111111,0.7619047619047619,1.6684045881126173,7.111111111111111,76.19047619047619,64,3
Presales Category=Solution Architecture + Question Intent=Request presales guidance + Question Type=Architecture,Public Documentation | Architecture Blueprint | Methodology | SME,0.11,0.7615384615384616,1.6676024705221788,11.0,76.15384615384616,99,3
Business Capability=Hybrid connectivity and network foundation + Presales Category=Solution Architecture + Question Type=Architecture,Public Documentation | Architecture Blueprint | Methodology | SME,0.11555555555555555,0.7591240875912408,1.6623155202727902,11.555555555555555,75.91240875912408,104,3
Presales Category=Migration Assessment + Question Complexity=High,Public Documentation | Architecture Blueprint | Methodology | SME,0.07222222222222222,0.755813953488372,1.6550670514343913,7.222222222222221,75.5813953488372,65,2
Presales Category=Solution Architecture + Question Complexity=High + Question Intent=Request presales guidance,Public Documentation | Architecture Blueprint | Methodology | SME,0.09222222222222222,0.7545454545454545,1.6522893165228931,9.222222222222221,75.45454545454545,83,3
"Business Capability=Risk, compliance and identity control + Question Complexity=High + Question Intent=Request presales guidance",Public Documentation | Governance Framework | Risk Register | SME,0.05555555555555555,0.3355704697986577,1.5895443306252206,5.555555555555555,33.55704697986577,50,3
"Business Capability=Risk, compliance and identity control + Question Intent=Request presales guidance",Public Documentation | Governance Framework | Risk Register | SME,0.05555555555555555,0.3355704697986577,1.5895443306252206,5.555555555555555,33.55704697986577,50,2
Presales Category=Solution Architecture + Question Intent=Request presales guidance,Public Documentation | Architecture Blueprint | Methodology | SME,0.13666666666666666,0.7151162790697674,1.5659480563571548,13.666666666666666,71.51162790697674,123,2
Business Capability=Hybrid connectivity and network foundation + Presales Category=Solution Architecture + Question Complexity=Medium,Public Documentation | Architecture Blueprint | Methodology | SME,0.07777777777777778,0.7142857142857143,1.5641293013555788,7.777777777777778,71.42857142857143,70,3
Business Capability=Hybrid connectivity and network foundation + Question Complexity=Medium,Public Documentation | Architecture Blueprint | Methodology | SME,0.09555555555555556,0.7107438016528925,1.5563732882910055,9.555555555555555,71.07438016528926,86,2
Presales Category=Solution Architecture + Question Complexity=Medium,Public Documentation | Architecture Blueprint | Methodology | SME,0.08444444444444445,0.7037037037037037,1.5409570154095702,8.444444444444445,70.37037037037037,76,2
Business Capability=Hybrid connectivity and network foundation + Question Intent=Request presales guidance,Public Documentation | Architecture Blueprint | Methodology | SME,0.0811111111111111,0.6952380952380952,1.5224191866527632,8.11111111111111,69.52380952380952,73,2
Presales Category=Solution Architecture + Question Complexity=High,Public Documentation | Architecture Blueprint | Methodology | SME,0.21222222222222223,0.6945454545454545,1.5209024552090245,21.22222222222222,69.45454545454545,191,2
Business Capability=Hybrid connectivity and network foundation + Presales Category=Solution Architecture + Question Intent=Request presales guidance,Public Documentation | Architecture Blueprint | Methodology | SME,0.06555555555555556,0.6941176470588236,1.5199656504937744,6.555555555555556,69.41176470588236,59,3
Business Capability=Hybrid connectivity and network foundation,Public Documentation | Architecture Blueprint | Methodology | SME,0.15888888888888889,0.6908212560386473,1.512747275997038,15.88888888888889,69.08212560386472,143,1
"Business Capability=Risk, compliance and identity control + Presales Category=Solution Architecture + Question Complexity=High",Public Documentation | Architecture Blueprint | Methodology | SME,0.12666666666666668,0.6867469879518073,1.503825521062352,12.666666666666668,68.67469879518073,114,3
"Business Capability=Risk, compliance and identity control + Presales Category=Solution Architecture",Public Documentation | Architecture Blueprint | Methodology | SME,0.12666666666666668,0.6867469879518073,1.503825521062352,12.666666666666668,68.67469879518073,114,2
Business Capability=Hybrid connectivity and network foundation + Presales Category=Solution Architecture,Public Documentation | Architecture Blueprint | Methodology | SME,0.13111111111111112,0.686046511627907,1.502291631301986,13.111111111111112,68.6046511627907,118,2
Presales Category=Solution Architecture,Public Documentation | Architecture Blueprint | Methodology | SME,0.31,0.6755447941888619,1.479295169756632,31.0,67.55447941888619,279,1
Question Intent=Determine implementation approach,Public Documentation | Governance Framework | Risk Register | SME,0.07333333333333333,0.3,1.4210526315789473,7.333333333333333,30.0,66,1
Question Type=Best Practice,Public Documentation | Architecture Blueprint | Methodology | SME,0.09555555555555556,0.6370370370370371,1.3949716139497161,9.555555555555555,63.70370370370371,86,1
"Business Capability=Risk, compliance and identity control + Question Complexity=High",Public Documentation | Governance Framework | Risk Register | SME,0.12111111111111111,0.2906666666666667,1.376842105263158,12.11111111111111,29.06666666666667,109,2
"Business Capability=Risk, compliance and identity control",Public Documentation | Governance Framework | Risk Register | SME,0.12111111111111111,0.2906666666666667,1.376842105263158,12.11111111111111,29.06666666666667,109,1
Question Complexity=High + Question Type=Best Practice,Public Documentation | Architecture Blueprint | Methodology | SME,0.07333333333333333,0.6111111111111112,1.3381995133819953,7.333333333333333,61.111111111111114,66,2
Question Complexity=Medium,Public Documentation | Architecture Blueprint | Methodology | SME,0.10666666666666667,0.588957055214724,1.2896869822220234,10.666666666666668,58.895705521472394,96,1
Question Complexity=High + Question Intent=Request presales guidance,Public Documentation | Governance Framework | Risk Register | SME,0.08,0.26666666666666666,1.263157894736842,8.0,26.666666666666668,72,2
Presales Category=Solution Architecture + Question Type=Architecture,Public Documentation,0.06333333333333334,0.2035714285714286,1.2548923679060668,6.333333333333334,20.35714285714286,57,2
Question Complexity=High,Public Documentation | Governance Framework | Risk Register | SME,0.20222222222222222,0.263768115942029,1.2494279176201373,20.22222222222222,26.3768115942029,182,1
Question Type=Architecture,Public Documentation,0.06888888888888889,0.19558359621451105,1.2056523054319175,6.888888888888889,19.558359621451103,62,1
Question Intent=Determine implementation approach,Public Documentation | Architecture Blueprint | Methodology | SME,0.13,0.5318181818181819,1.1645653616456537,13.0,53.18181818181819,117,1
Question Intent=Request presales guidance,Public Documentation | Architecture Blueprint | Methodology | SME,0.21333333333333335,0.5274725274725275,1.155049330231812,21.333333333333336,52.74725274725275,192,1
Presales Category=Solution Architecture,Public Documentation,0.08555555555555555,0.18644067796610167,1.1492918504759693,8.555555555555555,18.644067796610166,77,1
"Business Capability=Risk, compliance and identity control + Question Complexity=High + Question Intent=Determine implementation approach",Public Documentation | Architecture Blueprint | Methodology | SME,0.056666666666666664,0.5204081632653061,1.1395799195590646,5.666666666666666,52.04081632653062,51,3
"Business Capability=Risk, compliance and identity control + Question Intent=Determine implementation approach",Public Documentation | Architecture Blueprint | Methodology | SME,0.056666666666666664,0.5204081632653061,1.1395799195590646,5.666666666666666,52.04081632653062,51,2
Question Complexity=High + Question Intent=Request presales guidance,Public Documentation | Architecture Blueprint | Methodology | SME,0.1511111111111111,0.5037037037037038,1.1030008110300082,15.11111111111111,50.370370370370374,136,2
Question Complexity=High + Question Intent=Determine implementation approach,Public Documentation | Architecture Blueprint | Methodology | SME,0.09555555555555556,0.4971098265895954,1.0885616640648075,9.555555555555555,49.71098265895954,86,2
Presales Category=Solution Architecture + Question Complexity=High,Public Documentation,0.052222222222222225,0.1709090909090909,1.053549190535492,5.222222222222222,17.09090909090909,47,2
Presales Category=Solution Architecture + Question Intent=Understand capability / terminology,Public Documentation | Architecture Blueprint | Methodology | SME,0.05333333333333334,0.48000000000000004,1.051094890510949,5.333333333333334,48.00000000000001,48,2
Question Intent=Request presales guidance,Public Documentation | Governance Framework | Risk Register | SME,0.08333333333333333,0.20604395604395603,0.9759976865240023,8.333333333333332,20.604395604395602,75,1
"Business Capability=Risk, compliance and identity control + Question Complexity=High",Public Documentation | Commercial Model | Pricing Template | SME,0.06777777777777778,0.16266666666666668,0.9568627450980393,6.777777777777779,16.26666666666667,61,2
"Business Capability=Risk, compliance and identity control",Public Documentation | Commercial Model | Pricing Template | SME,0.06777777777777778,0.16266666666666668,0.9568627450980393,6.777777777777779,16.26666666666667,61,1
Question Complexity=High,Public Documentation | Commercial Model | Pricing Template | SME,0.12333333333333334,0.1608695652173913,0.9462915601023016,12.333333333333334,16.08695652173913,111,1
Question Complexity=High,Public Documentation | Architecture Blueprint | Methodology | SME,0.33,0.43043478260869567,0.9425579181212314,33.0,43.04347826086957,297,1
"Business Capability=Risk, compliance and identity control + Question Complexity=High + Question Intent=Request presales guidance",Public Documentation | Architecture Blueprint | Methodology | SME,0.07,0.4228187919463087,0.9258805663057855,7.000000000000001,42.281879194630875,63,3
"Business Capability=Risk, compliance and identity control + Question Intent=Request presales guidance",Public Documentation | Architecture Blueprint | Methodology | SME,0.07,0.4228187919463087,0.9258805663057855,7.000000000000001,42.281879194630875,63,2
Question Intent=Request presales guidance,Public Documentation,0.06,0.14835164835164835,0.9144964624416679,6.0,14.835164835164836,54,1
"Business Capability=Risk, compliance and identity control + Question Complexity=High",Public Documentation | Architecture Blueprint | Methodology | SME,0.1711111111111111,0.4106666666666666,0.8992700729927007,17.11111111111111,41.06666666666666,154,2
"Business Capability=Risk, compliance and identity control",Public Documentation | Architecture Blueprint | Methodology | SME,0.1711111111111111,0.4106666666666666,0.8992700729927007,17.11111111111111,41.06666666666666,154,1
Question Complexity=High,Public Documentation,0.1111111111111111,0.14492753623188404,0.8933889219773674,11.11111111111111,14.492753623188403,100,1
"Business Capability=Risk, compliance and identity control + Question Complexity=High",Public Documentation,0.056666666666666664,0.13599999999999998,0.8383561643835615,5.666666666666666,13.599999999999998,51,2
"Business Capability=Risk, compliance and identity control",Public Documentation,0.056666666666666664,0.13599999999999998,0.8383561643835615,5.666666666666666,13.599999999999998,51,1
Presales Category=Solution Architecture,Public Documentation | Commercial Model | Pricing Template | SME,0.06333333333333334,0.13801452784503632,0.8118501637943312,6.333333333333334,13.801452784503631,57,1
Question Intent=Understand capability / terminology,Public Documentation | Architecture Blueprint | Methodology | SME,0.057777777777777775,0.2810810810810811,0.615506016965871,5.777777777777778,28.10810810810811,52,1
