antecedents,consequents,antecedent support,consequent support,support,confidence,lift,representativity,leverage,conviction,zhangs_metric,jaccard,certainty,kulczynski,Antecedent,Knowledge_Gap,Fisher_p_value,Odds_Ratio,FDR_q_value,FDR_Significant
"frozenset({'Question Type=Commercial / Pricing', 'Question Complexity=High', 'Business Capability=Risk, compliance and identity control'})",frozenset({'Knowledge Gap=Public Documentation | Commercial Model | Pricing Template | SME'}),0.07444444444444444,0.17,0.06777777777777778,0.91044776119403,5.355575065847235,1.0,0.055122222222222225,9.268333333333352,0.8786924605907936,0.38364779874213834,0.8921057363783494,0.6545702858257731,"Business Capability=Risk, compliance and identity control + Question Complexity=High + Question Type=Commercial / Pricing",Knowledge Gap=Public Documentation | Commercial Model | Pricing Template | SME,4.0098347475984244e-45,81.88586956521739,2.5395620068123357e-44,True
"frozenset({'Question Type=Commercial / Pricing', 'Business Capability=Risk, compliance and identity control'})",frozenset({'Knowledge Gap=Public Documentation | Commercial Model | Pricing Template | SME'}),0.07444444444444444,0.17,0.06777777777777778,0.91044776119403,5.355575065847235,1.0,0.055122222222222225,9.268333333333352,0.8786924605907936,0.38364779874213834,0.8921057363783494,0.6545702858257731,"Business Capability=Risk, compliance and identity control + Question Type=Commercial / Pricing",Knowledge Gap=Public Documentation | Commercial Model | Pricing Template | SME,4.0098347475984244e-45,81.88586956521739,2.5395620068123357e-44,True
frozenset({'Question Type=Commercial / Pricing'}),frozenset({'Knowledge Gap=Public Documentation | Commercial Model | Pricing Template | SME'}),0.19333333333333333,0.17,0.16666666666666666,0.8620689655172413,5.0709939148073016,1.0,0.13379999999999997,6.017499999999997,0.9952066115702479,0.8474576271186439,0.8338180307436642,0.9212305611899931,Question Type=Commercial / Pricing,Knowledge Gap=Public Documentation | Commercial Model | Pricing Template | SME,2.1022785799227875e-140,1506.25,1.198298790555989e-138,True
"frozenset({'Presales Category=Solution Architecture', 'Question Type=Commercial / Pricing'})",frozenset({'Knowledge Gap=Public Documentation | Commercial Model | Pricing Template | SME'}),0.07,0.17,0.06,0.857142857142857,5.042016806722688,1.0,0.0481,5.809999999999993,0.8620071684587813,0.33333333333333326,0.8278829604130807,0.6050420168067225,Presales Category=Solution Architecture + Question Type=Commercial / Pricing,Knowledge Gap=Public Documentation | Commercial Model | Pricing Template | SME,2.527997553350879e-36,44.72727272727273,9.606390702733341e-36,True
"frozenset({'Question Type=Commercial / Pricing', 'Question Complexity=High'})",frozenset({'Knowledge Gap=Public Documentation | Commercial Model | Pricing Template | SME'}),0.14666666666666667,0.17,0.12333333333333334,0.8409090909090909,4.946524064171123,1.0,0.0984,5.217142857142858,0.9349662162162162,0.6379310344827588,0.8083242059145674,0.7831996434937611,Question Complexity=High + Question Type=Commercial / Pricing,Knowledge Gap=Public Documentation | Commercial Model | Pricing Template | SME,7.970997098618086e-84,91.36734693877551,2.2717341731061547e-82,True
"frozenset({'Question Complexity=High', 'Presales Category=Security & Compliance', 'Question Type=Governance / Security'})",frozenset({'Knowledge Gap=Public Documentation | Governance Framework | Risk Register | SME'}),0.12666666666666668,0.2111111111111111,0.1,0.7894736842105263,3.7396121883656512,1.0,0.07325925925925926,3.7472222222222222,0.8388464800678541,0.4205607476635514,0.7331356560415122,0.631578947368421,Presales Category=Security & Compliance + Question Complexity=High + Question Type=Governance / Security,Knowledge Gap=Public Documentation | Governance Framework | Risk Register | SME,1.5745471952969005e-47,25.725,1.2821312875989048e-46,True
"frozenset({'Presales Category=Security & Compliance', 'Question Type=Governance / Security'})",frozenset({'Knowledge Gap=Public Documentation | Governance Framework | Risk Register | SME'}),0.12666666666666668,0.2111111111111111,0.1,0.7894736842105263,3.7396121883656512,1.0,0.07325925925925926,3.7472222222222222,0.8388464800678541,0.4205607476635514,0.7331356560415122,0.631578947368421,Presales Category=Security & Compliance + Question Type=Governance / Security,Knowledge Gap=Public Documentation | Governance Framework | Risk Register | SME,1.5745471952969005e-47,25.725,1.2821312875989048e-46,True
"frozenset({'Business Capability=Risk, compliance and identity control', 'Presales Category=Security & Compliance', 'Question Type=Governance / Security'})",frozenset({'Knowledge Gap=Public Documentation | Governance Framework | Risk Register | SME'}),0.09888888888888889,0.2111111111111111,0.07777777777777778,0.7865168539325843,3.7256061502069784,1.0,0.056901234567901235,3.695321637426901,0.811872467852739,0.3349282296650718,0.7293875613229942,0.5774689532820816,"Business Capability=Risk, compliance and identity control + Presales Category=Security & Compliance + Question Type=Governance / Security",Knowledge Gap=Public Documentation | Governance Framework | Risk Register | SME,2.1423814174308578e-35,21.214912280701753,7.632233799597432e-35,True
"frozenset({'Business Capability=Risk, compliance and identity control', 'Question Complexity=High', 'Question Type=Governance / Security'})",frozenset({'Knowledge Gap=Public Documentation | Governance Framework | Risk Register | SME'}),0.10222222222222223,0.2111111111111111,0.07777777777777778,0.7608695652173912,3.6041189931350113,1.0,0.05619753086419753,3.298989898989898,0.8048090523338048,0.330188679245283,0.696876913655848,0.5646453089244851,"Business Capability=Risk, compliance and identity control + Question Complexity=High + Question Type=Governance / Security",Knowledge Gap=Public Documentation | Governance Framework | Risk Register | SME,1.0884967647894911e-33,18.242424242424242,3.446906421833389e-33,True
"frozenset({'Business Capability=Risk, compliance and identity control', 'Question Type=Governance / Security'})",frozenset({'Knowledge Gap=Public Documentation | Governance Framework | Risk Register | SME'}),0.10222222222222223,0.2111111111111111,0.07777777777777778,0.7608695652173912,3.6041189931350113,1.0,0.05619753086419753,3.298989898989898,0.8048090523338048,0.330188679245283,0.696876913655848,0.5646453089244851,"Business Capability=Risk, compliance and identity control + Question Type=Governance / Security",Knowledge Gap=Public Documentation | Governance Framework | Risk Register | SME,1.0884967647894911e-33,18.242424242424242,3.446906421833389e-33,True
"frozenset({'Question Complexity=High', 'Question Type=Governance / Security'})",frozenset({'Knowledge Gap=Public Documentation | Governance Framework | Risk Register | SME'}),0.13444444444444445,0.2111111111111111,0.1,0.743801652892562,3.52327098738582,1.0,0.07161728395061728,3.07921146953405,0.8274140636143203,0.4072398190045249,0.675241531835642,0.6087429317094388,Question Complexity=High + Question Type=Governance / Security,Knowledge Gap=Public Documentation | Governance Framework | Risk Register | SME,1.4705679035437853e-43,19.712903225806453,8.382237050199576e-43,True
frozenset({'Question Type=Governance / Security'}),frozenset({'Knowledge Gap=Public Documentation | Governance Framework | Risk Register | SME'}),0.13666666666666666,0.2111111111111111,0.1,0.7317073170731708,3.4659820282413354,1.0,0.07114814814814815,2.9404040404040415,0.8241098241098243,0.40358744394618845,0.6599106836138785,0.6026957637997433,Question Type=Governance / Security,Knowledge Gap=Public Documentation | Governance Framework | Risk Register | SME,1.5929935614707962e-42,18.463636363636365,7.566719416986283e-42,True
"frozenset({'Question Intent=Determine implementation approach', 'Presales Category=Security & Compliance', 'Question Complexity=High'})",frozenset({'Knowledge Gap=Public Documentation | Governance Framework | Risk Register | SME'}),0.07222222222222222,0.2111111111111111,0.052222222222222225,0.7230769230769232,3.4251012145748994,1.0,0.03697530864197531,2.8487654320987663,0.7631545419798701,0.2259615384615385,0.648970747562297,0.48522267206477737,Presales Category=Security & Compliance + Question Complexity=High + Question Intent=Determine implementation approach,Knowledge Gap=Public Documentation | Governance Framework | Risk Register | SME,2.3072105647284817e-20,12.635586635586636,4.534862144466326e-20,True
"frozenset({'Question Intent=Determine implementation approach', 'Presales Category=Security & Compliance'})",frozenset({'Knowledge Gap=Public Documentation | Governance Framework | Risk Register | SME'}),0.07222222222222222,0.2111111111111111,0.052222222222222225,0.7230769230769232,3.4251012145748994,1.0,0.03697530864197531,2.8487654320987663,0.7631545419798701,0.2259615384615385,0.648970747562297,0.48522267206477737,Presales Category=Security & Compliance + Question Intent=Determine implementation approach,Knowledge Gap=Public Documentation | Governance Framework | Risk Register | SME,2.3072105647284817e-20,12.635586635586636,4.534862144466326e-20,True
"frozenset({'Question Intent=Request presales guidance', 'Presales Category=Security & Compliance', 'Question Complexity=High'})",frozenset({'Knowledge Gap=Public Documentation | Governance Framework | Risk Register | SME'}),0.09666666666666666,0.2111111111111111,0.06444444444444444,0.6666666666666666,3.1578947368421053,1.0,0.04403703703703704,2.3666666666666663,0.756457564575646,0.2648401826484018,0.5774647887323943,0.4859649122807017,Presales Category=Security & Compliance + Question Complexity=High + Question Intent=Request presales guidance,Knowledge Gap=Public Documentation | Governance Framework | Risk Register | SME,1.854640077443575e-22,10.318181818181818,4.404770183928491e-22,True
"frozenset({'Question Intent=Request presales guidance', 'Presales Category=Security & Compliance'})",frozenset({'Knowledge Gap=Public Documentation | Governance Framework | Risk Register | SME'}),0.09666666666666666,0.2111111111111111,0.06444444444444444,0.6666666666666666,3.1578947368421053,1.0,0.04403703703703704,2.3666666666666663,0.756457564575646,0.2648401826484018,0.5774647887323943,0.4859649122807017,Presales Category=Security & Compliance + Question Intent=Request presales guidance,Knowledge Gap=Public Documentation | Governance Framework | Risk Register | SME,1.854640077443575e-22,10.318181818181818,4.404770183928491e-22,True
"frozenset({'Question Intent=Request presales guidance', 'Presales Category=Security & Compliance', 'Business Capability=Risk, compliance and identity control'})",frozenset({'Knowledge Gap=Public Documentation | Governance Framework | Risk Register | SME'}),0.08222222222222222,0.2111111111111111,0.05444444444444444,0.6621621621621621,3.1365576102418204,1.0,0.037086419753086415,2.3351111111111105,0.7422048722636754,0.22790697674418603,0.5717548534449941,0.4600284495021336,"Business Capability=Risk, compliance and identity control + Presales Category=Security & Compliance + Question Intent=Request presales guidance",Knowledge Gap=Public Documentation | Governance Framework | Risk Register | SME,1.322253736023612e-18,9.521985815602838,2.355264467292059e-18,True
"frozenset({'Presales Category=Security & Compliance', 'Question Complexity=High'})",frozenset({'Knowledge Gap=Public Documentation | Governance Framework | Risk Register | SME'}),0.24666666666666667,0.2111111111111111,0.15555555555555556,0.6306306306306306,2.987197724039829,1.0,0.10348148148148148,2.135772357723577,0.8830594184576486,0.5147058823529411,0.5317853064331938,0.6837363679468942,Presales Category=Security & Compliance + Question Complexity=High,Knowledge Gap=Public Documentation | Governance Framework | Risk Register | SME,3.657887460482815e-62,21.44390243902439,5.212489631188012e-61,True
frozenset({'Presales Category=Security & Compliance'}),frozenset({'Knowledge Gap=Public Documentation | Governance Framework | Risk Register | SME'}),0.24666666666666667,0.2111111111111111,0.15555555555555556,0.6306306306306306,2.987197724039829,1.0,0.10348148148148148,2.135772357723577,0.8830594184576486,0.5147058823529411,0.5317853064331938,0.6837363679468942,Presales Category=Security & Compliance,Knowledge Gap=Public Documentation | Governance Framework | Risk Register | SME,3.657887460482815e-62,21.44390243902439,5.212489631188012e-61,True
"frozenset({'Question Complexity=High', 'Presales Category=Security & Compliance', 'Business Capability=Risk, compliance and identity control'})",frozenset({'Knowledge Gap=Public Documentation | Governance Framework | Risk Register | SME'}),0.1922222222222222,0.2111111111111111,0.11888888888888889,0.6184971098265897,2.9297231518101614,1.0,0.07830864197530865,2.0678451178451183,0.8154109192816466,0.41796875,0.5164047871041277,0.5908275022817159,"Business Capability=Risk, compliance and identity control + Presales Category=Security & Compliance + Question Complexity=High",Knowledge Gap=Public Documentation | Governance Framework | Risk Register | SME,3.9863471350922527e-41,12.579043446513326,1.623012762144703e-40,True
"frozenset({'Presales Category=Security & Compliance', 'Business Capability=Risk, compliance and identity control'})",frozenset({'Knowledge Gap=Public Documentation | Governance Framework | Risk Register | SME'}),0.1922222222222222,0.2111111111111111,0.11888888888888889,0.6184971098265897,2.9297231518101614,1.0,0.07830864197530865,2.0678451178451183,0.8154109192816466,0.41796875,0.5164047871041277,0.5908275022817159,"Business Capability=Risk, compliance and identity control + Presales Category=Security & Compliance",Knowledge Gap=Public Documentation | Governance Framework | Risk Register | SME,3.9863471350922527e-41,12.579043446513326,1.623012762144703e-40,True
"frozenset({'Question Type=Architecture', 'Question Intent=Determine implementation approach', 'Question Complexity=High'})",frozenset({'Knowledge Gap=Public Documentation | Architecture Blueprint | Methodology | SME'}),0.06222222222222222,0.45666666666666667,0.06222222222222222,1.0,2.18978102189781,1.0,0.03380740740740741,inf,0.5793838862559242,0.1362530413625304,1.0,0.5681265206812652,Question Complexity=High + Question Intent=Determine implementation approach + Question Type=Architecture,Knowledge Gap=Public Documentation | Architecture Blueprint | Methodology | SME,9.784426917010936e-21,inf,2.1450474394985515e-20,True
"frozenset({'Question Type=Architecture', 'Question Intent=Determine implementation approach'})",frozenset({'Knowledge Gap=Public Documentation | Architecture Blueprint | Methodology | SME'}),0.09,0.45666666666666667,0.08888888888888889,0.9876543209876544,2.1627466882941335,1.0,0.047788888888888895,44.0100000000002,0.5907967032967033,0.19417475728155342,0.9772778913883209,0.5911507614670632,Question Intent=Determine implementation approach + Question Type=Architecture,Knowledge Gap=Public Documentation | Architecture Blueprint | Methodology | SME,2.8144448626389552e-28,117.94561933534743,7.639207484305736e-28,True
"frozenset({'Presales Category=Solution Architecture', 'Question Type=Architecture', 'Question Intent=Determine implementation approach'})",frozenset({'Knowledge Gap=Public Documentation | Architecture Blueprint | Methodology | SME'}),0.0811111111111111,0.45666666666666667,0.08,0.9863013698630138,2.1597840215978406,1.0,0.042959259259259266,39.6633333333335,0.5843913744457881,0.17475728155339806,0.9747877972938903,0.5807419258074193,Presales Category=Solution Architecture + Question Intent=Determine implementation approach + Question Type=Architecture,Knowledge Gap=Public Documentation | Architecture Blueprint | Methodology | SME,3.3462429882350547e-25,103.64601769911505,8.669811378609005e-25,True
"frozenset({'Presales Category=Solution Architecture', 'Question Intent=Determine implementation approach', 'Question Complexity=High'})",frozenset({'Knowledge Gap=Public Documentation | Architecture Blueprint | Methodology | SME'}),0.06444444444444444,0.45666666666666667,0.06,0.9310344827586207,2.0387616410772713,1.0,0.03057037037037037,7.87833333333333,0.5446027975719187,0.13012048192771083,0.8730696001692405,0.5312106720362446,Presales Category=Solution Architecture + Question Complexity=High + Question Intent=Determine implementation approach,Knowledge Gap=Public Documentation | Architecture Blueprint | Methodology | SME,2.7369706590682577e-15,18.340336134453782,4.333536876858075e-15,True
"frozenset({'Presales Category=Solution Architecture', 'Question Intent=Determine implementation approach'})",frozenset({'Knowledge Gap=Public Documentation | Architecture Blueprint | Methodology | SME'}),0.09666666666666666,0.45666666666666667,0.08777777777777777,0.9080459770114943,1.9884218474704254,1.0,0.04363333333333333,5.90875,0.5502825914335092,0.18854415274463007,0.8307594668923207,0.5501300444668177,Presales Category=Solution Architecture + Question Intent=Determine implementation approach,Knowledge Gap=Public Documentation | Architecture Blueprint | Methodology | SME,1.3865056515778018e-20,14.306852409638553,2.927067486664248e-20,True
"frozenset({'Presales Category=Solution Architecture', 'Question Type=Best Practice'})",frozenset({'Knowledge Gap=Public Documentation | Architecture Blueprint | Methodology | SME'}),0.07777777777777778,0.45666666666666667,0.06444444444444444,0.8285714285714285,1.814389989572471,1.0,0.028925925925925924,3.1694444444444434,0.4867054424594931,0.1371158392434988,0.6844872918492549,0.4848453249913104,Presales Category=Solution Architecture + Question Type=Best Practice,Knowledge Gap=Public Documentation | Architecture Blueprint | Methodology | SME,2.998633382843954e-11,6.531161473087819,3.63664048557671e-11,True
"frozenset({'Question Type=Architecture', 'Question Complexity=High'})",frozenset({'Knowledge Gap=Public Documentation | Architecture Blueprint | Methodology | SME'}),0.22444444444444445,0.45666666666666667,0.18444444444444444,0.8217821782178217,1.7995230179952302,1.0,0.08194814814814814,3.048703703703703,0.5728760313460144,0.3713646532438478,0.6719917390512057,0.6128375611283756,Question Complexity=High + Question Type=Architecture,Knowledge Gap=Public Documentation | Architecture Blueprint | Methodology | SME,1.2684221690235657e-33,8.525850340136055,3.805266507070697e-33,True
"frozenset({'Presales Category=Solution Architecture', 'Question Type=Architecture', 'Question Complexity=High'})",frozenset({'Knowledge Gap=Public Documentation | Architecture Blueprint | Methodology | SME'}),0.20333333333333334,0.45666666666666667,0.16666666666666666,0.8196721311475409,1.794902476965418,1.0,0.0738111111111111,3.0130303030303014,0.5558995815899581,0.3378378378378378,0.6681082168359649,0.5923178173985879,Presales Category=Solution Architecture + Question Complexity=High + Question Type=Architecture,Knowledge Gap=Public Documentation | Architecture Blueprint | Methodology | SME,1.6917864691620556e-29,7.941483803552769,4.8215914371118587e-29,True
"frozenset({'Presales Category=Solution Architecture', 'Question Type=Architecture', 'Business Capability=Risk, compliance and identity control'})",frozenset({'Knowledge Gap=Public Documentation | Architecture Blueprint | Methodology | SME'}),0.11777777777777777,0.45666666666666667,0.09555555555555556,0.8113207547169812,1.7766147913510537,1.0,0.041770370370370374,2.8796666666666675,0.4954894265127995,0.19953596287703018,0.652737585368677,0.5102832484047193,"Business Capability=Risk, compliance and identity control + Presales Category=Solution Architecture + Question Type=Architecture",Knowledge Gap=Public Documentation | Architecture Blueprint | Methodology | SME,1.7945954509970796e-15,6.205230769230769,2.922626877338101e-15,True
"frozenset({'Question Type=Architecture', 'Question Complexity=High', 'Business Capability=Risk, compliance and identity control'})",frozenset({'Knowledge Gap=Public Documentation | Architecture Blueprint | Methodology | SME'}),0.1288888888888889,0.45666666666666667,0.10444444444444445,0.810344827586207,1.774477724641329,1.0,0.045585185185185194,2.8648484848484856,0.5010312635692575,0.21709006928406466,0.6509414004654116,0.5195276449366558,"Business Capability=Risk, compliance and identity control + Question Complexity=High + Question Type=Architecture",Knowledge Gap=Public Documentation | Architecture Blueprint | Methodology | SME,6.80554270767689e-17,6.294522512188127,1.1409292186399493e-16,True
"frozenset({'Question Type=Architecture', 'Business Capability=Risk, compliance and identity control'})",frozenset({'Knowledge Gap=Public Documentation | Architecture Blueprint | Methodology | SME'}),0.1288888888888889,0.45666666666666667,0.10444444444444445,0.810344827586207,1.774477724641329,1.0,0.045585185185185194,2.8648484848484856,0.5010312635692575,0.21709006928406466,0.6509414004654116,0.5195276449366558,"Business Capability=Risk, compliance and identity control + Question Type=Architecture",Knowledge Gap=Public Documentation | Architecture Blueprint | Methodology | SME,6.80554270767689e-17,6.294522512188127,1.1409292186399493e-16,True
frozenset({'Question Type=Architecture'}),frozenset({'Knowledge Gap=Public Documentation | Architecture Blueprint | Methodology | SME'}),0.3522222222222222,0.45666666666666667,0.2811111111111111,0.7981072555205047,1.7476801215777473,1.0,0.12026296296296293,2.6911979166666655,0.6604315961464144,0.5326315789473683,0.6284182616941804,0.7068395158381111,Question Type=Architecture,Knowledge Gap=Public Documentation | Architecture Blueprint | Methodology | SME,4.544672632275558e-54,10.63340585443038,5.180926800794136e-53,True
"frozenset({'Question Intent=Request presales guidance', 'Question Type=Architecture', 'Question Complexity=High'})",frozenset({'Knowledge Gap=Public Documentation | Architecture Blueprint | Methodology | SME'}),0.10333333333333333,0.45666666666666667,0.08222222222222222,0.7956989247311829,1.7424064045208385,1.0,0.03503333333333333,2.659473684210527,0.4751833618004621,0.17209302325581394,0.6239857510389869,0.48787379326583474,Question Complexity=High + Question Intent=Request presales guidance + Question Type=Architecture,Knowledge Gap=Public Documentation | Architecture Blueprint | Methodology | SME,1.8385623844327468e-12,5.431828830235827,2.437164090992246e-12,True
"frozenset({'Question Type=Architecture', 'Question Complexity=Medium'})",frozenset({'Knowledge Gap=Public Documentation | Architecture Blueprint | Methodology | SME'}),0.10333333333333333,0.45666666666666667,0.08222222222222222,0.7956989247311829,1.7424064045208385,1.0,0.03503333333333333,2.659473684210527,0.4751833618004621,0.17209302325581394,0.6239857510389869,0.48787379326583474,Question Complexity=Medium + Question Type=Architecture,Knowledge Gap=Public Documentation | Architecture Blueprint | Methodology | SME,1.8385623844327468e-12,5.431828830235827,2.437164090992246e-12,True
"frozenset({'Question Type=Architecture', 'Question Complexity=Medium', 'Business Capability=Hybrid connectivity and network foundation'})",frozenset({'Knowledge Gap=Public Documentation | Architecture Blueprint | Methodology | SME'}),0.10222222222222223,0.45666666666666667,0.0811111111111111,0.7934782608695651,1.7375436369406534,1.0,0.03442962962962962,2.6308771929824544,0.4728061847280618,0.1697674418604651,0.6198986396372363,0.4855469163228604,Business Capability=Hybrid connectivity and network foundation + Question Complexity=Medium + Question Type=Architecture,Knowledge Gap=Public Documentation | Architecture Blueprint | Methodology | SME,3.5095652309930023e-12,5.342572407349735,4.546482231059117e-12,True
"frozenset({'Presales Category=Solution Architecture', 'Question Type=Architecture'})",frozenset({'Knowledge Gap=Public Documentation | Architecture Blueprint | Methodology | SME'}),0.3111111111111111,0.45666666666666667,0.24555555555555555,0.7892857142857143,1.7283628779979143,1.0,0.10348148148148148,2.578531073446327,0.6117355130637863,0.47021276595744677,0.612182296231376,0.6634993048314216,Presales Category=Solution Architecture + Question Type=Architecture,Knowledge Gap=Public Documentation | Architecture Blueprint | Methodology | SME,1.0443374837823035e-42,8.477252453166816,5.411566961417391e-42,True
"frozenset({'Question Intent=Request presales guidance', 'Question Type=Architecture'})",frozenset({'Knowledge Gap=Public Documentation | Architecture Blueprint | Methodology | SME'}),0.17,0.45666666666666667,0.1322222222222222,0.7777777777777777,1.7031630170316299,1.0,0.05458888888888888,2.444999999999999,0.4974182444061962,0.2674157303370786,0.5910020449897748,0.5336577453365774,Question Intent=Request presales guidance + Question Type=Architecture,Knowledge Gap=Public Documentation | Architecture Blueprint | Methodology | SME,7.042771174019171e-19,5.453767123287672,1.294961151351912e-18,True
frozenset({'Presales Category=Migration Assessment'}),frozenset({'Knowledge Gap=Public Documentation | Architecture Blueprint | Methodology | SME'}),0.11888888888888889,0.45666666666666667,0.09222222222222222,0.7757009345794392,1.698615185210451,1.0,0.037929629629629626,2.422361111111111,0.4667801090870417,0.1908045977011494,0.587179634195287,0.48882370329945196,Presales Category=Migration Assessment,Knowledge Gap=Public Documentation | Architecture Blueprint | Methodology | SME,8.363960842105639e-13,4.902820121951219,1.1627945560976133e-12,True
"frozenset({'Question Type=Architecture', 'Business Capability=Hybrid connectivity and network foundation'})",frozenset({'Knowledge Gap=Public Documentation | Architecture Blueprint | Methodology | SME'}),0.17777777777777778,0.45666666666666667,0.13777777777777778,0.7749999999999999,1.6970802919708028,1.0,0.05659259259259258,2.414814814814814,0.4995640802092415,0.2774049217002237,0.5858895705521471,0.5383515815085158,Business Capability=Hybrid connectivity and network foundation + Question Type=Architecture,Knowledge Gap=Public Documentation | Architecture Blueprint | Methodology | SME,1.6336795786141007e-19,5.4367015098722415,3.103991199366792e-19,True
"frozenset({'Presales Category=Solution Architecture', 'Question Type=Architecture', 'Question Complexity=Medium'})",frozenset({'Knowledge Gap=Public Documentation | Architecture Blueprint | Methodology | SME'}),0.08777777777777777,0.45666666666666667,0.06777777777777778,0.7721518987341773,1.6908435738704612,1.0,0.027692592592592602,2.384629629629631,0.4478944110540925,0.1421911421911422,0.5806476663819214,0.46028519510918114,Presales Category=Solution Architecture + Question Complexity=Medium + Question Type=Architecture,Knowledge Gap=Public Documentation | Architecture Blueprint | Methodology | SME,2.331654620475094e-09,4.560476190476191,2.5838325555201867e-09,True
"frozenset({'Question Intent=Request presales guidance', 'Question Type=Architecture', 'Business Capability=Hybrid connectivity and network foundation'})",frozenset({'Knowledge Gap=Public Documentation | Architecture Blueprint | Methodology | SME'}),0.09333333333333334,0.45666666666666667,0.07111111111111111,0.7619047619047619,1.6684045881126173,1.0,0.02848888888888889,2.2819999999999996,0.44186580882352944,0.14849187935034802,0.5617879053461875,0.45881126173096975,Business Capability=Hybrid connectivity and network foundation + Question Intent=Request presales guidance + Question Type=Architecture,Knowledge Gap=Public Documentation | Architecture Blueprint | Methodology | SME,2.357180576965784e-09,4.3250720461095105,2.5838325555201867e-09,True
"frozenset({'Question Intent=Request presales guidance', 'Question Type=Architecture', 'Presales Category=Solution Architecture'})",frozenset({'Knowledge Gap=Public Documentation | Architecture Blueprint | Methodology | SME'}),0.14444444444444443,0.45666666666666667,0.11,0.7615384615384616,1.6676024705221788,1.0,0.04403703703703704,2.2784946236559147,0.46792601338055884,0.22398190045248867,0.5611137328928741,0.5012071869736103,Presales Category=Solution Architecture + Question Intent=Request presales guidance + Question Type=Architecture,Knowledge Gap=Public Documentation | Architecture Blueprint | Methodology | SME,2.2656787527853665e-14,4.687965260545906,3.311376638686305e-14,True
"frozenset({'Presales Category=Solution Architecture', 'Question Type=Architecture', 'Business Capability=Hybrid connectivity and network foundation'})",frozenset({'Knowledge Gap=Public Documentation | Architecture Blueprint | Methodology | SME'}),0.15222222222222223,0.45666666666666667,0.11555555555555555,0.7591240875912408,1.6623155202727902,1.0,0.04604074074074073,2.2556565656565652,0.46996925093255365,0.2342342342342342,0.5566700998611794,0.5060827250608272,Business Capability=Hybrid connectivity and network foundation + Presales Category=Solution Architecture + Question Type=Architecture,Knowledge Gap=Public Documentation | Architecture Blueprint | Methodology | SME,5.786730468305541e-15,4.681077879774948,8.914692883605833e-15,True
"frozenset({'Presales Category=Migration Assessment', 'Question Complexity=High'})",frozenset({'Knowledge Gap=Public Documentation | Architecture Blueprint | Methodology | SME'}),0.09555555555555556,0.45666666666666667,0.07222222222222222,0.755813953488372,1.6550670514343913,1.0,0.02858518518518518,2.225079365079364,0.43761103761103753,0.15046296296296297,0.5505778285062061,0.45698240253494027,Presales Category=Migration Assessment + Question Complexity=High,Knowledge Gap=Public Documentation | Architecture Blueprint | Methodology | SME,3.1188080415545295e-09,4.186622625928984,3.354189780539777e-09,True
"frozenset({'Question Intent=Request presales guidance', 'Presales Category=Solution Architecture', 'Question Complexity=High'})",frozenset({'Knowledge Gap=Public Documentation | Architecture Blueprint | Methodology | SME'}),0.12222222222222222,0.45666666666666667,0.09222222222222222,0.7545454545454545,1.6522893165228931,1.0,0.03640740740740741,2.21358024691358,0.44974836053073053,0.18949771689497716,0.5482431678750697,0.4782459632824596,Presales Category=Solution Architecture + Question Complexity=High + Question Intent=Request presales guidance,Knowledge Gap=Public Documentation | Architecture Blueprint | Methodology | SME,1.282539634449266e-11,4.329945799457994,1.624550203635737e-11,True
"frozenset({'Question Intent=Request presales guidance', 'Presales Category=Solution Architecture'})",frozenset({'Knowledge Gap=Public Documentation | Architecture Blueprint | Methodology | SME'}),0.19111111111111112,0.45666666666666667,0.13666666666666666,0.7151162790697674,1.5659480563571548,1.0,0.049392592592592585,1.907210884353741,0.44679710533369066,0.2673913043478261,0.47567413325724056,0.507193176031234,Presales Category=Solution Architecture + Question Intent=Request presales guidance,Knowledge Gap=Public Documentation | Architecture Blueprint | Methodology | SME,2.4713664674966354e-14,3.8350340136054424,3.5216972161827055e-14,True
"frozenset({'Presales Category=Solution Architecture', 'Question Complexity=Medium', 'Business Capability=Hybrid connectivity and network foundation'})",frozenset({'Knowledge Gap=Public Documentation | Architecture Blueprint | Methodology | SME'}),0.10888888888888888,0.45666666666666667,0.07777777777777778,0.7142857142857143,1.5641293013555788,1.0,0.028051851851851856,1.9016666666666668,0.4047381546134664,0.1594533029612756,0.4741454864154251,0.44230100799443867,Business Capability=Hybrid connectivity and network foundation + Presales Category=Solution Architecture + Question Complexity=Medium,Knowledge Gap=Public Documentation | Architecture Blueprint | Methodology | SME,4.376097115901965e-08,3.3797653958944283,4.535227920116582e-08,True
"frozenset({'Question Complexity=Medium', 'Business Capability=Hybrid connectivity and network foundation'})",frozenset({'Knowledge Gap=Public Documentation | Architecture Blueprint | Methodology | SME'}),0.13444444444444445,0.45666666666666667,0.09555555555555556,0.7107438016528925,1.5563732882910055,1.0,0.034159259259259264,1.8783809523809523,0.41300713496731056,0.19282511210762332,0.46762662880900463,0.459994771872675,Business Capability=Hybrid connectivity and network foundation + Question Complexity=Medium,Knowledge Gap=Public Documentation | Architecture Blueprint | Methodology | SME,1.1872103308648276e-09,3.4324395604395606,1.3534197771859036e-09,True
"frozenset({'Presales Category=Solution Architecture', 'Question Complexity=Medium'})",frozenset({'Knowledge Gap=Public Documentation | Architecture Blueprint | Methodology | SME'}),0.12,0.45666666666666667,0.08444444444444445,0.7037037037037037,1.5409570154095702,1.0,0.029644444444444452,1.8337500000000002,0.3989234449760766,0.17155756207674944,0.4546693933197001,0.44430927277642607,Presales Category=Solution Architecture + Question Complexity=Medium,Knowledge Gap=Public Documentation | Architecture Blueprint | Methodology | SME,2.9705737262089147e-08,3.2399253731343283,3.1356055998871876e-08,True
"frozenset({'Question Intent=Request presales guidance', 'Business Capability=Hybrid connectivity and network foundation'})",frozenset({'Knowledge Gap=Public Documentation | Architecture Blueprint | Methodology | SME'}),0.11666666666666667,0.45666666666666667,0.0811111111111111,0.6952380952380952,1.5224191866527632,1.0,0.027833333333333328,1.7828125,0.3884724735073662,0.16478555304740405,0.43908851884312,0.43642683350712547,Business Capability=Hybrid connectivity and network foundation + Question Intent=Request presales guidance,Knowledge Gap=Public Documentation | Architecture Blueprint | Methodology | SME,1.3658114598790728e-07,3.0844119822485205,1.3902009502340562e-07,True
"frozenset({'Presales Category=Solution Architecture', 'Question Complexity=High'})",frozenset({'Knowledge Gap=Public Documentation | Architecture Blueprint | Methodology | SME'}),0.3055555555555556,0.45666666666666667,0.21222222222222223,0.6945454545454545,1.5209024552090245,1.0,0.07268518518518519,1.7787698412698407,0.49319371727748695,0.38585858585858585,0.43781372002230884,0.5796328245963283,Presales Category=Solution Architecture + Question Complexity=High,Knowledge Gap=Public Documentation | Architecture Blueprint | Methodology | SME,1.1130303151906623e-21,4.185876623376624,2.53770911863471e-21,True
"frozenset({'Question Intent=Request presales guidance', 'Presales Category=Solution Architecture', 'Business Capability=Hybrid connectivity and network foundation'})",frozenset({'Knowledge Gap=Public Documentation | Architecture Blueprint | Methodology | SME'}),0.09444444444444444,0.45666666666666667,0.06555555555555556,0.6941176470588236,1.5199656504937744,1.0,0.022425925925925932,1.7762820512820519,0.3777685348861392,0.13501144164759726,0.43702634428004344,0.4188349792471734,Business Capability=Hybrid connectivity and network foundation + Presales Category=Solution Architecture + Question Intent=Request presales guidance,Knowledge Gap=Public Documentation | Architecture Blueprint | Methodology | SME,3.03987523963582e-06,2.984812062937063,3.03987523963582e-06,True
frozenset({'Business Capability=Hybrid connectivity and network foundation'}),frozenset({'Knowledge Gap=Public Documentation | Architecture Blueprint | Methodology | SME'}),0.23,0.45666666666666667,0.15888888888888889,0.6908212560386473,1.512747275997038,1.0,0.053855555555555545,1.7573437499999998,0.4401961674688946,0.30105263157894735,0.43095936694229564,0.519376564758983,Business Capability=Hybrid connectivity and network foundation,Knowledge Gap=Public Documentation | Architecture Blueprint | Methodology | SME,8.859610626603536e-15,3.5433185634328357,1.3289415939905304e-14,True
"frozenset({'Presales Category=Solution Architecture', 'Question Complexity=High', 'Business Capability=Risk, compliance and identity control'})",frozenset({'Knowledge Gap=Public Documentation | Architecture Blueprint | Methodology | SME'}),0.18444444444444444,0.45666666666666667,0.12666666666666668,0.6867469879518073,1.503825521062352,1.0,0.04243703703703705,1.7344871794871801,0.41079879535350644,0.24622030237581,0.4234607140217313,0.48205962536276503,"Business Capability=Risk, compliance and identity control + Presales Category=Solution Architecture + Question Complexity=High",Knowledge Gap=Public Documentation | Architecture Blueprint | Methodology | SME,3.265480934059917e-11,3.2257187257187256,3.7986206783962296e-11,True
"frozenset({'Presales Category=Solution Architecture', 'Business Capability=Risk, compliance and identity control'})",frozenset({'Knowledge Gap=Public Documentation | Architecture Blueprint | Methodology | SME'}),0.18444444444444444,0.45666666666666667,0.12666666666666668,0.6867469879518073,1.503825521062352,1.0,0.04243703703703705,1.7344871794871801,0.41079879535350644,0.24622030237581,0.4234607140217313,0.48205962536276503,"Business Capability=Risk, compliance and identity control + Presales Category=Solution Architecture",Knowledge Gap=Public Documentation | Architecture Blueprint | Methodology | SME,3.265480934059917e-11,3.2257187257187256,3.7986206783962296e-11,True
"frozenset({'Presales Category=Solution Architecture', 'Business Capability=Hybrid connectivity and network foundation'})",frozenset({'Knowledge Gap=Public Documentation | Architecture Blueprint | Methodology | SME'}),0.19111111111111112,0.45666666666666667,0.13111111111111112,0.686046511627907,1.502291631301986,1.0,0.04383703703703705,1.7306172839506173,0.41334512944682444,0.25376344086021513,0.42217149379369384,0.4865755672494766,Business Capability=Hybrid connectivity and network foundation + Presales Category=Solution Architecture,Knowledge Gap=Public Documentation | Architecture Blueprint | Methodology | SME,1.3896882690565884e-11,3.2442169131588927,1.7220050290483813e-11,True
